Processed time (s),normalized std
0.32,1.264591872
0.64,0.904021714
1.6,0.404514648
3.2,0.427253536
6.4,0.343439907
12.8,0.181634212
